name,email,company,jobTitle,city,leadType,requirement,channel,sourceUrl,notes
Priti Dash,bpo@inforicha.com,Inforicha Solutions Pvt. Ltd.,,,corporate,"📢 Opportunity for BPO / Call Centers – USA Chat Support Process Dear BPO / Call Center Partners, Greetings from Inforicha Solutions Pvt. Ltd.! We are delighted to invite capable and experienced BPO centers to collaborate with us on a U.S.-based Inbound Chat Support Process for a reputed e-commerce client. This is a non-sales, no-target project offering long-term stability and a strong partnership opportunity. 📋 Process Details Process Name: USA Chat Support Industry: E-Commerce Minimum Seats Required: 10 Agents 💰 Payout (Weekly Basis) Agent: $10 / Hour Quality Analyst (QA): $12 / Hour Team Leader (TL): $15 / Hour 🕒 Shift Options Flexible – centers may choose their preferred shift timing. 🛠 Client Support Includes Dedicated Chat IDs CRM Access Comprehensive Online Training Ongoing Operational Support 💵 Payment Terms Weekly Payout Cycle (Based on performance reports and submitted invoices) 📧 Interested Centers: Kindly share your company profile and relevant experience at 👉 bpo@inforicha.com Contact: Manish Ranjan 📞 +91 8599090140 Inforicha Solutions Pvt. Ltd",linkedin,https://www.linkedin.com/posts/priti-dash-48531793_opportunity-for-bpo-call-centers-usa-share-7492812539035209729-gMKc/,
Amandeep Kaur,amandeep.kaur@antiersolutions.com,Antier Solutions,,,corporate,"Looking for an HRMS Solution Dont Spam my phone, please drop an email. We're currently looking to upgrade our HR tech stack and are actively exploring HRMS solutions to streamline our core HR processes. We are seeking a unified platform that covers: 1. Employee Lifecycle & Onboarding 2. Attendance & Leave Tracking 3. Automated Payroll 4. Recruitment & ATS 5. Performance Management 6. Advanced HR Analytics & Reporting Looking for recommendations! If you've implemented an HRMS that your team loves—or if you're a founder/provider in the HR tech space—I'd love to connect. Feel free to drop your top suggestions in the comments or reach out directly at amandeep.kaur@antiersolutions.com",linkedin,https://www.linkedin.com/posts/amandeep-kaur-71ab7113a_hrms-hrtech-humanresources-share-7492571720818565120-OKSD/,
Manisha GK,manisha@talentcheckers.com,Talent Checkers,,,corporate,"📢 Looking for HRMS Portal Providers I'm looking to connect with reliable HRMS (Human Resource Management System) providers offering comprehensive end-to-end HR solutions. We're interested in a platform that can support: ✅ Employee Onboarding ✅ Attendance & Leave Management ✅ Payroll Processing ✅ Employee Self-Service (ESS) ✅ Performance Management ✅ Recruitment & Applicant Tracking (ATS) ✅ Compliance & Statutory Management ✅ Document Management ✅ Exit Management ✅ HR Analytics & Reports If your company provides a robust HRMS solution, or if you have a recommendation, please comment below or send me a direct message. Looking forward to connecting with the right partners! manisha@talentcheckers.com",linkedin,https://www.linkedin.com/posts/manisha-gk-a402951a3_hrms-hrtech-humanresources-share-7485202124922884107-BblY/,
Banit,banit@nccglobe.in,Navya Cargo Carrier,,,corporate,"Looking for a Smart & Reliable TMS/ERP Partner At Navya Cargo Carrier, we are looking for a cloud-based Transport Management System (TMS) to simplify and automate our logistics operations. Key Requirements: ✅ Fleet & Trip Management ✅ Driver & Expense Management ✅ Accounts, GST & E-Way Bill ✅ GPS & FASTag Integration ✅ Real-time Dashboard & MIS ✅ Mobile App & API Support If your solution can meet these requirements, we'd love to connect. banit@nccglobe.in #Logistics #TransportManagement #TMS #ERP #FleetManagement #SupplyChain #NavyaCargoCarrier #software developer",linkedin,,
Revanth Kumar Nettem,,,ACMA,,corporate,"🚀 Looking for a Website & Mobile App Development Partner I'm planning to build a professional website along with a mobile application (Android & iOS) and am looking for experienced freelancers, development teams, or software companies who can take this from concept to launch. 🔹 What I'm Looking For • Modern, responsive & user-friendly website • Android & iOS mobile application • Clean and scalable UI/UX • Secure backend & database • Admin dashboard / management panel • API integrations, if required • Performance optimization • Deployment & basic post-launch support 🔹 Looking for Developers Who Can Provide ✅ Previous website & app development experience ✅ Relevant portfolio / live projects ✅ Proposed technology stack ✅ Estimated development timeline ✅ Detailed quotation / cost breakup ✅ Maintenance & support options 📩 If you are a freelancer, development company, or know someone who can take up this project, please DM me with your portfolio and quotation. Location: Open to remote collaboration 🌎 Please feel free to share/repost this or tag someone who may be interested.",linkedin,https://www.linkedin.com/posts/rknettem_webdevelopment-appdevelopment-mobileappdevelopment-share-7492446605225119744-HR64/,
Yashani Ambalagan,,,,,corporate,"Greeting, everyone! I am currently looking for ERP system providers. If your organization offers ERP implementation services - or of you can recommend a trusted provider - I'd appreciate hearing from you. Please send me a direct message if you are interested. I'll be happy to share our requirements so that interested providers can prepare and submit a quotation. Thank you in advance and I'm looking forward to connecting with you!",linkedin,https://www.linkedin.com/posts/yashani-ambalagan-6b18bb292_greeting-everyone-i-am-currently-looking-share-7491057851386183680-JzH6,
Abdul Alim Khan,,,,,corporate,"I'm looking for a HRMS suitable for a manufacturing setup Key requirements include: • Onboarding • Attendance & Shift Management • Payroll & Compliance • Performance Management • Employee Self-Service (ESS) • Analytics & Dashboards Anyone interested can DM me please ***NO CALLS PLEASE***",linkedin,https://www.linkedin.com/posts/abdul-alim-khan-68746213_im-looking-for-a-hrms-suitable-for-a-manufacturing-share-7487461775127445504-69XP/,
Benoni L.,,,,,corporate,"Is there anyone in my network who can recommend a reliable payroll software? We're looking for a solution that is user-friendly, scalable, and offers end-to-end payroll processing, statutory compliance, attendance and leave integration, and employee self-service. If you've used a platform you would recommend—or if your company provides payroll software—please comment below or send me a DM. I'd love to connect.",linkedin,https://www.linkedin.com/posts/benoybenonil_is-there-anyone-in-my-network-who-can-recommend-share-7480227898210054144-9Z7d/,
Jay Kumar,,StartEdge IT Solutions,,,corporate,"Hi Connections, I am looking for SAP HCM and HRMS , SD, MM, PP, PM, QM, FI and PS consultant for a in-house migration project. its just 3-4 months project, 100% remote, our own project. Let me know if anyone is interested. experience should be atleast 6-7 + yrs . general shift. should be able to work independantly. please send connection request instead of likes/comments as its easy to connect faster. Thanks, StartEdge IT Solutions",linkedin,https://www.linkedin.com/posts/startedgeitsolutions_hi-connections-i-am-looking-for-sap-hcm-share-7491030578830581764-tWtr/,
